Prod_name,JAN,FEB,MAR,APR,MAY,JUN,total_sell,average_sell
Smartphone,80,90,75,95,56,87,483,80.5
Refrigerator,34,32,40,34,43,54,237,39.5
Air Conditioner,43,45,56,54,56,32,286,47.666666666666664
Washing Machine,20,11,36,23,67,9,166,27.666666666666668
Laptop,46,34,65,45,43,76,309,51.5
